Sector;region;substance;1990;1991;1992;1993;1994;1995;1996;1997;1998;1999;2000;2001;2002;2003;2004;2005;2006;2007;2008;2009;2010;2011;2012;2013;2014;2015;2016;2017;2018;2019;2020
Net;Africa;CO2;-1962,244019;-1936,949032;-1825,070048;-1650,283585;-1606,601178;-1501,702794;-1437,773608;-1478,033856;-1359,760751;-1276,527821;-1092,96484;-1134,576874;-1106,000886;-1092,094403;-1058,593795;-975,8552705;-908,6466155;-884,7262674;-962,5557554;-991,9076994;-856,9864549;-366,177342;-413,7913366;-461,2831332;-461,6280624;-405,297168;-629,7305043;-553,8370844;-563,6517253;-605,6585927;-483,3872863
Net;Asia-Pacific Developed;CO2;-70,58320246;-51,28955661;-47,31915925;269,1641636;-102,6228538;-124,7288779;-266,3896699;-359,0281787;-140,3143731;-41,25897189;204,0834344;305,4055255;621,532527;-210,5450247;81,63583085;-328,2145953;216,6050289;155,3665075;-239,4261284;-200,7506266;-340,6767599;795,1768624;682,305599;-224,0208267;-9,071099151;-37,51101284;-339,2380062;164,9776218;67,24490527;-8,158111926;-283,3123827
Net;Eastern Asia;CO2;-1380,810338;-1385,627809;-1338,05028;-1391,008063;-1430,345022;-1424,873264;-1468,820512;-1523,370068;-1420,184244;-1441,137593;-1400,188506;-1504,480333;-1554,088889;-1538,742472;-1552,529937;-1573,860254;-1603,656338;-1540,484471;-1477,221258;-1444,495282;-1419,590854;-1484,397846;-1491,710936;-1481,681675;-1564,212614;-1608,668737;-1517,978867;-1528,723839;-1492,198726;-1502,39328;-1508,130184
Net;Eurasia;CO2;-848,9111019;-767,7817217;-796,0581958;-1148,623501;-1131,184186;-1132,778387;-1272,212884;-1319,173874;-1568,70825;-1259,870101;-1124,367725;-1483,938723;-1491,542578;-1270,569311;-1430,161911;-1454,220431;-1403,095876;-1424,238575;-1416,096053;-1624,742121;-1565,947088;-1489,27601;-1378,023921;-1489,537606;-1367,077263;-1442,352264;-1346,600106;-1453,89272;-1183,726391;-1282,173681;-1332,466086
Net;Europe;CO2;-593,0529228;-722,1527871;-712,6277974;-730,8693296;-687,2529731;-658,8403108;-675,2437612;-665,8367115;-629,7775523;-721,2404552;-574,3342477;-605,4294683;-638,4153864;-628,610582;-610,666519;-563,0425964;-630,1815774;-556,9677277;-569,1069476;-648,0610511;-564,6633071;-539,4884796;-555,1191112;-532,0674637;-517,0696909;-520,0372782;-522,2463836;-510,0856642;-469,4588828;-428,3741996;-478,1719704
Net;Latin America and Caribbean;CO2;934,0193643;979,4906497;927,8950261;942,4355804;1066,052113;1140,019527;1148,136607;1163,206345;1214,813117;1327,716291;1341,481577;1310,082192;1335,746414;1490,059119;1515,960432;1439,537473;577,7709245;615,5558461;404,9133517;371,7120011;407,7918496;113,0455638;204,6066935;176,4372184;179,8545988;115,4022179;213,604944;272,343668;329,0820385;226,7160756;222,4821427
Net;Middle East;CO2;89,8988529;93,97792159;90,24488789;91,10200458;93,96249774;94,12630861;96,31852252;91,36345307;96,33321871;93,63224347;92,63337871;93,29564606;89,39704139;89,78485114;90,07794393;90,05771501;90,06420474;90,50833823;90,07168329;90,16729508;91,42997894;90,77320944;90,46741598;90,85007835;91,56703097;90,71880503;90,95544214;90,80675593;90,44591732;111,229445;94,08907261
Net;North America;CO2;-1721,02121;-1746,638058;-1803,798843;-1772,245042;-1646,991445;-1600,905602;-1813,933805;-1831,502185;-1621,339487;-1790,565164;-1740,867059;-1922,913174;-1883,852323;-1978,635167;-1845,985976;-1892,0056;-2001,066767;-1997,825981;-2167,903173;-2321,024211;-2199,297011;-2141,95503;-2151,089446;-2056,159502;-2114,716136;-1985,724072;-2232,540499;-2194,861338;-2099,312975;-2064,370556;-2180,257141
Net;South-East Asia and developing Pacific;CO2;1200,007689;1195,18064;1183,587011;1100,93494;1026,132405;986,4839069;954,3827349;942,3936163;931,2857526;949,3922455;929,22789;830,1705961;884,1364172;924,0560522;929,613419;896,4610725;1028,801353;1050,434331;981,0225707;878,9875136;957,7209355;1227,119466;1225,816261;1316,319765;1307,803411;1135,957889;1090,64852;1070,566312;1079,502403;1156,259098;1140,761553
Net;Southern Asia;CO2;829,2249634;874,3625847;885,6170637;901,0691804;911,1664472;918,7974818;890,4280904;881,9716278;895,4880423;906,7547921;908,865982;916,502057;1000,528888;1011,208469;1006,192332;1009,80147;1012,694682;1025,071509;1025,064979;1032,842961;1031,058755;933,434197;932,9987361;923,7570856;921,688398;904,7740847;905,2660022;894,6705382;889,997256;884,0272597;873,8163436
;;;;;;;;;;;;;;;;;;;;;;;;;;;;;;;;;
Deforestation;Africa;CO2;1641,983403;1641,983403;1641,983403;1641,983403;1641,983403;1641,983403;1641,983403;1641,983403;1641,983403;1641,983403;1641,983403;1641,983403;1641,983403;1641,983403;1641,983403;1641,983403;1636,717569;1636,717569;1636,717569;1636,717569;1636,717569;1982,624732;1982,624732;1982,624732;1982,624732;1982,624732;1760,911646;1760,911646;1760,911646;1760,911646;1760,911646
Deforestation;Asia-Pacific Developed;CO2;176,8994259;163,1857578;120,2170984;104,7997642;92,1451238;81,75476012;76,85317342;76,44140088;74,76472241;85,05058248;84,08486868;98,30583697;93,17091635;87,37789529;88,33411858;108,3050922;109,3166662;115,011718;80,5876288;69,78475339;74,56998235;60,59243421;56,09675858;62,35785329;62,89328658;52,71180752;51,97225651;49,11232751;52,59846752;40,12593835;42,18862145
Deforestation;Eastern Asia;CO2;2,303;2,303;2,303;2,303;2,303;2,303;2,303;2,303;2,303;2,303;2,303;2,303;2,303;2,303;2,303;2,303;2,303;2,303;2,303;2,303;2,303;2,303;2,303;2,303;2,303;2,303;2,303;2,303;2,303;2,303;2,303
Deforestation;Eurasia;CO2;18,81276235;16,2431313;15,79475673;15,54857958;12,66261541;13,90414347;12,21528418;10,90799004;10,78552636;11,26540081;11,16184905;9,417053373;9,588948353;8,905998947;8,822580573;8,402688791;13,13753631;13,05802941;11,55645006;14,18592975;9,536932608;12,66569874;11,78202229;10,06302798;9,807888282;18,94110964;6,238801396;6,514554239;6,367219712;13,88713949;3,53453032
Deforestation;Europe;CO2;36,36382247;34,67869444;34,9916738;30,87404446;29,97926925;30,1544574;31,51948149;34,02641599;58,96347697;38,45999923;34,932614;35,97463267;38,52158444;34,64009149;37,71679688;43,8630577;46,85023069;48,69024901;77,05690157;50,69544549;49,24776756;44,82723692;44,32196212;39,53765235;40,03770509;46,27758305;45,69587089;41,34761087;40,79068253;41,4007408;39,91420679
Deforestation;Latin America and Caribbean;CO2;2464,825507;2464,825507;2464,825507;2464,825507;2464,825507;2464,825507;2464,825507;2464,825507;2464,825507;2464,825507;2464,825507;2464,825507;2464,825507;2464,825507;2464,825507;2464,825507;1653,068229;1653,068229;1653,068229;1653,068229;1653,068229;1225,977511;1225,977511;1225,977511;1225,977511;1225,977511;1263,531505;1263,531505;1263,531505;1263,531505;1263,531505
Deforestation;Middle East;CO2;99,69173;99,69173;99,69173;99,69173;99,69173;99,69173;99,69173;99,69173;99,69173;99,69173;99,69173;99,69173;99,69173;99,69173;99,69173;99,69173;99,69173;99,69173;99,69173;99,69173;99,69173;99,69173;99,69173;99,69173;99,69173;99,69173;99,69173;99,69173;99,69173;99,69173;99,69173
Deforestation;North America;CO2;128,7805019;128,8902152;128,9600453;128,919028;128,9707187;128,9783064;129,0217537;129,1051019;129,2553361;129,3707458;129,6076914;129,8176338;129,9962295;130,3113219;130,5681297;130,9000456;131,2362258;131,5567511;131,8050388;131,9966574;132,188975;132,4236869;132,6575035;133,042877;133,5452055;133,8477151;134,027896;134,2438433;134,2809888;134,2873732;134,3313836
Deforestation;South-East Asia and developing Pacific;CO2;533,7878548;533,7878548;533,7878548;533,7878548;533,7878548;533,7878548;533,7878548;533,7878548;533,7878548;533,7878548;533,7878548;533,7878548;533,7878548;533,7878548;533,7878548;533,7878548;518,9159932;518,9159932;518,9159932;518,9159932;518,9159932;583,6999956;583,6999956;583,6999956;583,6999956;583,6999956;647,0226102;647,0226102;647,0226102;647,0226102;647,0226102
Deforestation;Southern Asia;CO2;28,8749912;28,8749912;28,8749912;28,8749912;28,8749912;28,8749912;28,8749912;28,8749912;28,8749912;28,8749912;28,8749912;28,8749912;28,8749912;28,8749912;28,8749912;28,8749912;28,8934166;28,8934166;28,8934166;28,8934166;28,8934166;28,963058;28,963058;28,963058;28,963058;28,963058;28,968316;28,968316;28,968316;28,968316;28,968316
Fires;Africa;CO2;125,899474;108,3626779;122,6730405;193,6230941;124,3985262;124,3985262;138,6279397;47,5709069;125,6552937;158,8392561;273,5638932;173,0722869;163,1849219;117,8745423;118,727923;132,4119292;139,8467068;127,6242009;176,0703376;122,3553503;206,3021054;316,0893028;225,657265;134,6632174;88,52303021;92,33073561;105,0960122;141,4673177;88,38697265;77,70492103;147,9375096
Fires;Asia-Pacific Developed;CO2;312,0824051;354,0561972;419,224903;756,191262;386,5183377;386,5183377;241,8572153;143,9084958;381,2244064;466,6358264;699,8052537;790,1997975;1122,367519;285,335504;579,2536919;139,5558634;673,368298;588,121084;229,93442;268,6965063;129,1509167;1257,96018;1161,209846;256,620226;470,6066722;457,2362726;170,7105588;671,3124784;571,4587673;510,0451695;219,0879487
Fires;Eastern Asia;CO2;141,1352753;138,6917935;191,50869;145,7805697;118,6155052;118,6155052;74,98889808;25,6200266;128,4816784;104,8680515;153,2243858;54,51818119;7,250100186;26,34519537;16,19811035;8,793798198;6,855536119;8,397319625;31,45066588;16,8419753;10,89384735;9,834860869;6,117731084;7,380625874;16,32438287;8,265507419;7,799445511;6,045657394;10,15987882;9,46788698;8,297050769
Fires;Eurasia;CO2;413,9428849;438,0502278;391,4689233;258,249563;589,5045048;589,5045048;535,4011569;348,2732428;194,7124831;428,4582309;506,3939966;156,1993055;172,2579872;362,9308913;170,0769295;144,999261;160,2545778;98,20398655;354,0317899;149,3744878;193,5259393;175,4494021;280,2124231;129,9165903;260,6222033;97,85664016;203,127156;109,4968585;254,1740588;196,5582554;152,3391728
Fires;Europe;CO2;44,2038922;28,32449547;22,6388163;15,53716938;34,00913589;34,00913589;37,26498161;7,931139715;50,76553212;20,3421724;40,73068343;37,14443595;6,201005106;15,00173089;2,924102627;12,61021622;6,392935682;9,513815334;2,88427248;5,62186982;5,163669704;6,555734012;12,04614959;4,585149785;7,608246486;10,79642845;5,120770755;20,93092965;4,77424077;9,531599026;11,58328901
Fires;Latin America and Caribbean;CO2;78,70038572;72,18595824;58,07607062;50,7479414;96,50860265;96,50860265;82,62075841;53,68754713;58,443009;81,23905867;42,83161973;60,72405365;24,15990495;26,93150684;12,22980077;17,45970404;14,80491185;9,646119936;22,40984403;16,02338813;8,113507887;20,66603299;12,48558303;10,70032979;8,415283907;17,20104855;18,76747012;45,49202789;16,05959617;17,2748892;25,26147399
Fires;Middle East;CO2;2,561970125;5,466492132;1,772776387;2,24350844;4,919605129;4,919605129;7,072149402;1,66995289;6,892726136;4,382574368;3,298689701;3,909361218;0,96283309;0,642183028;0,84342028;0,97533863;0,742908996;0,882350646;0,214638674;0,208238331;1,588507688;1,063380849;0,3888047;0,604089258;1,1231581;0,770506496;1,259964573;0,950485502;0,471160862;21,11436886;3,893635006
Fires;North America;CO2;195,1166719;210,3016876;126,6605559;149,2948795;285,8042889;285,8042889;126,9376175;84,46451772;327,8301079;135,3045329;149,15986;89,97811916;79,08091509;87,85394794;70,50625569;74,96986258;47,89649585;62,02040821;47,10981936;33,39052886;44,83086864;58,61221657;78,8858297;115,7876789;77,31921677;130,4280905;59,36951598;92,58695699;105,4284644;61,06684692;89,35018443
Fires;South-East Asia and developing Pacific;CO2;1,007512141;3,871683648;3,656364003;7,643701375;2,637067825;2,637067825;3,122929294;1,739768861;3,202130246;3,711771352;6,110620593;2,180732983;4,07660997;5,792473659;8,737733884;5,536586597;4,792633836;7,408910467;1,160196311;7,006742188;7,528978428;2,240141543;5,138937469;7,738348362;4,755430535;7,265270604;4,552103309;1,173279939;1,691586181;4,897338429;3,182260381
Fires;Southern Asia;CO2;3,320523139;8,393178198;6,854575517;7,732518945;8,649493466;8,649493466;6,216880308;3,079041148;6,056443696;6,228309095;7,945498894;4,489618519;0,474569136;2,774675641;2,750229881;1,839295856;2,567518442;2,770074606;1,567478268;7,627811723;3,359052899;1,404830574;5,879000982;1,655296244;3,886204736;1,992604385;4,173042594;1,666057398;3,096941993;3,920399771;0,908672247
Forest Land;Africa;CO2;-3767,383965;-3724,552182;-3626,983561;-3523,147152;-3410,240177;-3305,341793;-3255,64202;-3204,845235;-3164,656518;-3114,60755;-3045,769205;-2986,889633;-2948,42628;-2889,209418;-2856,562191;-2787,507672;-2723,056651;-2686,913797;-2813,189422;-2788,826378;-2737,851889;-2700,685497;-2657,867454;-2614,365203;-2568,569945;-2516,046756;-2531,532282;-2492,010168;-2448,744464;-2480,069279;-2428,030562
Forest Land;Asia-Pacific Developed;CO2;-567,17181;-568,1054258;-567,5468397;-567,1126563;-565,0450651;-559,7128215;-560,9442703;-555,3676149;-558,956491;-552,6037774;-541,8879317;-542,6602921;-544,1390736;-547,729172;-548,1121837;-549,398294;-545,5526574;-541,8848818;-548,8588513;-555,2817208;-547,1286255;-538,2687982;-542,0919542;-534,9321649;-530,1751266;-525,6267989;-519,764809;-497,0325316;-493,1589195;-491,2348079;-489,7300258
Forest Land;Eastern Asia;CO2;-1406,467814;-1408,841802;-1414,08117;-1421,310832;-1433,482727;-1428,010969;-1428,33161;-1433,512295;-1433,188122;-1430,527844;-1437,935092;-1443,520714;-1445,861189;-1449,609867;-1453,250247;-1467,176252;-1476,00817;-1414,378087;-1374,168219;-1326,833553;-1295,980998;-1299,562147;-1303,158107;-1294,391741;-1385,866437;-1422,263684;-1331,107752;-1340,098937;-1307,688045;-1317,190607;-1321,756675
Forest Land;Eurasia;CO2;-1382,777792;-1379,728523;-1378,059054;-1613,82591;-1886,38238;-1868,952203;-1937,448834;-1771,374992;-1838,272661;-1748,839744;-1689,537734;-1661,275499;-1657,780038;-1618,839646;-1598,949379;-1583,875608;-1551,480782;-1488,066728;-1714,535981;-1731,028267;-1643,147777;-1575,339899;-1554,0785;-1548,708292;-1503,910534;-1492,321174;-1468,817768;-1469,574414;-1345,512639;-1410,698916;-1412,567157
Forest Land;Europe;CO2;-705,8688292;-832,9880344;-825,4450611;-836,5084101;-788,0240846;-749,4952559;-770,5650464;-726,608515;-723,0516884;-707,5282975;-636,2246019;-687,1724801;-676,3751086;-646,0546076;-621,7669325;-569,2915888;-611,9821412;-538,454998;-613,1687874;-699,9057012;-598,2495493;-584,8375085;-592,535546;-589,2933662;-568,7974023;-562,4619648;-547,9891211;-546,2689405;-487,7007721;-459,0242461;-485,7778574
Forest Land;Latin America and Caribbean;CO2;-1613,326386;-1561,340673;-1598,826409;-1576,957726;-1499,101854;-1425,13444;-1403,129516;-1359,126567;-1312,275256;-1222,168132;-1169,995407;-1219,287226;-1157,058856;-1005,517753;-964,914733;-1046,567596;-1078,562962;-1035,619248;-1259,025467;-1285,840361;-1241,850632;-1103,849029;-1004,107449;-1030,491671;-1024,789245;-1098,02739;-1038,94508;-1006,930914;-920,7601115;-1024,341367;-1036,561885
Forest Land;Middle East;CO2;-11,28630722;-10,11176054;-10,15107849;-9,764693862;-9,580297393;-9,416486518;-9,376816878;-8,929689824;-9,182697427;-9,373520895;-9,288500989;-9,236905157;-10,1889817;-9,480521891;-9,388666346;-9,540813622;-9,363050253;-9,058358418;-8,827301383;-8,725289248;-8,842874751;-8,816515405;-8,447732723;-8,280354906;-8,08247113;-8,57804547;-8,830866437;-8,670073572;-8,551587541;-8,411267825;-8,330906393
Forest Land;North America;CO2;-1731,452819;-1766,248962;-1763,587262;-1776,345204;-1757,630476;-1752,965386;-1769,222151;-1761,215132;-1772,568562;-1741,925316;-1734,720301;-1814,709016;-1798,521837;-1836,390714;-1758,429148;-1762,220075;-1823,872519;-1928,960557;-2168,373895;-2315,833043;-2172,279974;-2115,640615;-2128,88787;-2099,215493;-2091,871597;-2087,204012;-2155,993262;-2152,790922;-2099,014066;-2057,19902;-2139,536956
Forest Land;South-East Asia and developing Pacific;CO2;262,6993618;255,0081418;243,629832;156,9904239;87,19452278;47,54602431;14,95899084;4,353032641;-8,21719248;9,379659323;-13,18354544;-108,3109517;-56,24100753;-18,03723627;-15,42512968;-45,3763289;-101,9524342;-82,93573283;-146,0987789;-253,9803818;-175,7691961;-115,1608309;-119,3628317;-31,45873855;-36,99217533;-211,3475367;-162,990353;-179,6937384;-171,2759533;-97,7250102;-111,507478
Forest Land;Southern Asia;CO2;936,5044491;976,5694153;989,362497;1003,93667;1013,116963;1020,747997;994,8112189;989,4925955;1000,031607;1011,126492;1011,520492;1022,612447;1110,654328;1119,033802;1114,042111;1118,562183;1120,708747;1132,883018;1134,079084;1135,796733;1138,281286;1135,542308;1130,632677;1125,614731;1121,315135;1106,294422;1104,600644;1096,512165;1090,407998;1083,614544;1076,415355
Organic Soil;Asia-Pacific Developed;CO2;3,304838949;3,332809572;3,291663324;3,229554653;3,293049994;3,233068598;3,338961668;3,210209063;3,280269744;3,440336869;3,348372228;3,368839822;3,158035931;3,122313549;3,271124297;3,192792796;3,318155625;3,170159796;3,253333204;3,240525965;3,392963229;3,581771391;3,276996905;3,125044465;3,258000087;3,069615391;3,060935938;3,306199235;3,204532383;3,042536968;3,042536968
Organic Soil;Eurasia;CO2;161,4180717;160,2794107;158,7681472;157,8481833;156,4208204;155,2176877;153,5831606;152,0089024;150,717515;149,2068287;147,6991578;146,1869259;144,6744449;143,1500837;141,8886867;140,5931267;139,2795837;139,1706654;137,9487055;137,674554;138,0228317;137,135838;137,1361616;136,7302369;137,0851544;133,5299848;132,7968452;132,7032994;133,4412661;133,398489;133,398489
Organic Soil;Europe;CO2;132,1044051;132,0751232;131,1451749;130,5564141;129,76863;129,328677;128,8452169;127,9582959;126,8939899;126,3860806;126,6896447;126,0925045;125,7572429;124,9158709;124,2893588;124,1364306;123,8126047;122,6814909;122,2198858;121,1648804;120,6150249;119,7198757;119,0167961;117,9973832;117,6054423;117,0623849;116,7438032;116,7169081;116,1806883;115,9116607;115,9116607
Organic Soil;North America;CO2;45,84503618;45,126319;45,36845823;45,67079013;45,96708719;46,00821935;45,93752698;45,89877449;45,98945154;40,38859614;40,07419593;46,46448888;46,44883265;46,07810854;45,90180682;45,61165888;45,41472763;44,59912952;44,43495771;44,19940596;44,38077182;44,47144593;44,55546735;43,75200662;43,36943687;46,00160123;46,5001944;47,29081055;45,11961137;44,19942532;44,19942532
Organic Soil;South-East Asia and developing Pacific;CO2;445,6622;445,6622;445,6622;445,6622;445,6622;445,6622;445,6622;445,6622;445,6622;445,6622;445,6622;445,6622;445,6622;445,6622;445,6622;445,6622;647,5958;647,5958;647,5958;647,5958;647,5958;771,3796;771,3796;771,3796;771,3796;771,3796;617,1036;617,1036;617,1036;617,1036;617,1036
Other;Africa;CO2;37,25707;37,25707;37,25707;37,25707;37,25707;37,25707;37,25707;37,25707;37,25707;37,25707;37,25707;37,25707;37,25707;37,25707;37,25707;37,25707;37,84576;37,84576;37,84576;37,84576;37,84576;35,79412;35,79412;35,79412;35,79412;35,79412;35,79412;35,79412;35,79412;35,79412;35,79412
Other;Asia-Pacific Developed;CO2;4,301937597;-3,758895345;-22,50598431;-27,943761;-19,53430022;-36,52222284;-27,49474992;-27,22066958;-40,6272807;-43,7819402;-41,26712854;-43,80865672;-53,02487087;-38,65156548;-41,11092021;-29,87004976;-23,84543346;-9,051572519;-4,342659102;12,80930853;-0,66199661;11,31127524;3,813951347;-11,19178554;-15,65393142;-24,90190952;-45,21694834;-61,7208518;-66,85794249;-70,13694889;-57,90146401
Other;Eastern Asia;CO2;-117,7808;-117,7808;-117,7808;-117,7808;-117,7808;-117,7808;-117,7808;-117,7808;-117,7808;-117,7808;-117,7808;-117,7808;-117,7808;-117,7808;-117,7808;-117,7808;-136,806704;-136,806704;-136,806704;-136,806704;-136,806704;-196,97356;-196,97356;-196,97356;-196,97356;-196,97356;-196,97356;-196,97356;-196,97356;-196,97356;-196,97356
Other;Eurasia;CO2;-60,30702871;-2,625968031;15,96903104;33,55608372;-3,389746175;-22,45251988;-35,96365222;-58,98901721;-86,65111427;-99,96081798;-100,0849946;-134,4665083;-160,2839204;-166,7166394;-152,0007285;-164,3398993;-164,2867913;-186,6045286;-205,0970175;-194,9488257;-263,8850144;-239,1870499;-253,0760275;-217,5391685;-270,6819745;-200,3588245;-219,9451407;-233,0330189;-232,1962971;-215,3186487;-209,1711217
Other;Europe;CO2;-99,85621339;-84,2430658;-75,95840126;-71,32854737;-92,98592373;-102,8373252;-102,3083948;-109,1440481;-143,3488629;-198,90041;-140,4625879;-117,4685613;-132,5201102;-157,1136676;-153,8298449;-174,3607121;-195,2552072;-199,398285;-158,0992201;-125,6375456;-141,4402199;-125,7538178;-137,968473;-104,8942828;-113,5236824;-131,7117099;-141,8177074;-142,8121724;-143,5037223;-136,193954;-159,8032695
Other;Latin America and Caribbean;CO2;3,8198576;3,8198576;3,8198576;3,8198576;3,8198576;3,8198576;3,8198576;3,8198576;3,8198576;3,8198576;3,8198576;3,8198576;3,8198576;3,8198576;3,8198576;3,8198576;-11,5392552;-11,5392552;-11,5392552;-11,5392552;-11,5392552;-29,748951;-29,748951;-29,748951;-29,748951;-29,748951;-29,748951;-29,748951;-29,748951;-29,748951;-29,748951
Other;Middle East;CO2;-1,06854;-1,06854;-1,06854;-1,06854;-1,06854;-1,06854;-1,06854;-1,06854;-1,06854;-1,06854;-1,06854;-1,06854;-1,06854;-1,06854;-1,06854;-1,06854;-1,007384;-1,007384;-1,007384;-1,007384;-1,007384;-1,165386;-1,165386;-1,165386;-1,165386;-1,165386;-1,165386;-1,165386;-1,165386;-1,165386;-1,165386
Other;North America;CO2;-359,3106007;-364,7073182;-341,2006399;-319,7845355;-350,1030639;-308,7310307;-346,608552;-329,7554467;-351,8458203;-353,7037223;-324,9885059;-374,4643994;-340,8564634;-406,4878315;-334,5330196;-381,2670919;-401,7416976;-307,0417127;-222,8790943;-214,7777595;-248,4176528;-261,8217647;-278,3003768;-249,5265713;-277,078398;-208,7974667;-316,4448439;-316,1920271;-285,127973;-246,7251814;-308,6011784
Other;South-East Asia and developing Pacific;CO2;-43,14924;-43,14924;-43,14924;-43,14924;-43,14924;-43,14924;-43,14924;-43,14924;-43,14924;-43,14924;-43,14924;-43,14924;-43,14924;-43,14924;-43,14924;-43,14924;-40,55064;-40,55064;-40,55064;-40,55064;-40,55064;-15,03944;-15,03944;-15,03944;-15,03944;-15,03944;-15,03944;-15,03944;-15,03944;-15,03944;-15,03944
Other;Southern Asia;CO2;-139,475;-139,475;-139,475;-139,475;-139,475;-139,475;-139,475;-139,475;-139,475;-139,475;-139,475;-139,475;-139,475;-139,475;-139,475;-139,475;-139,475;-139,475;-139,475;-139,475;-139,475;-232,476;-232,476;-232,476;-232,476;-232,476;-232,476;-232,476;-232,476;-232,476;-232,476
;;;;;;;;;;;;;;;;;;;;;;;;;;;;;;;;;
;;;;;;;;;;;;;;;;;;;;;;;;;;;;;;;;;
Net;EU27;CO2;-395,3976002;-505,8875252;-499,9329349;-524,302366;-476,3138196;-456,4807265;-471,5942872;-467,7623511;-442,9154092;-524,7606427;-404,7859966;-430,0638652;-453,21961;-428,0775853;-428,6605281;-373,8718028;-446,2276203;-367,0236066;-393,7671612;-458,2171902;-372,4252642;-364,2657202;-373,7691061;-362,4300154;-360,5079619;-359,6040961;-359,2513776;-341,280285;-321,7850561;-279,5325358;-304,4102808
Forest Land;EU27;CO2;-465,6290321;-589,7062912;-584,856485;-595,219837;-541,9726489;-510,4657196;-527,9411376;-490,0488261;-491,41324;-471,7288055;-412,8455073;-455,7884048;-449,2693333;-422,2424411;-402,6500111;-349,948705;-397,3096716;-324,7621604;-396,4924291;-470,1507118;-379,072739;-370,1679787;-377,921175;-375,510584;-361,108412;-354,0306737;-344,8310301;-342,3610623;-294,0848972;-260,3296148;-283,355339
Organic Soil;EU27;CO2;101,4475893;101,2378424;100,5799066;99,80132914;99,00431898;98,4451616;98,26698296;97,59247166;96,783117;96,44088332;97,12176749;96,7394097;96,33064249;96,04849941;95,76939793;96,03707748;95,94418246;95,11208294;94,67741135;94,40308679;93,861502;93,05390318;92,46159468;91,5651375;91,2396225;90,77815624;90,52244713;90,54635635;90,08875563;89,88491004;89,88491004
Deforestation;EU27;CO2;25,7450717;25,22682512;23,73369917;25,43692355;25,13554893;21,69735624;22,40084045;23,78783868;23,30047847;25,70900899;22,57860446;25,55883425;26,64921347;27,94475092;30,69379581;32,88975673;35,38693389;35,80071843;36,00278553;34,98119765;32,70650201;29,82691362;29,50612113;29,31475024;28,98328393;30,6200543;33,0840612;28,45380692;28,46847814;28,82566257;27,72199213
Other;EU27;CO2;-82,14667614;-61,50559038;-53,21350134;-63,55494459;-82,26134018;-89,93782633;-91,84523055;-103,7210471;-108,8960973;-187,7332861;-131,1020722;-118,2401289;-129,398794;-140,903739;-154,5251734;-162,8697519;-184,7872426;-179,5518051;-129,4696205;-119,7657667;-122,4443671;-120,8213391;-124,5087614;-110,1878683;-121,8523656;-128,814768;-142,2957443;-136,8765613;-147,9049141;-141,5917875;-142,4735322
Fires;EU27;CO2;25,18544706;18,8596888;13,82344574;9,234162908;23,7803016;23,7803016;27,52425746;4,62721171;37,3103326;12,55155661;19,46121092;21,66642458;2,468661302;11,07534453;2,05146262;10,01981999;4,538177591;6,377557572;1,514691551;2,31500386;2,52383785;3,84278076;6,693114551;2,38854919;2,229909272;1,84313511;4,268888441;18,95717532;1,647521391;3,678293822;3,811688251
Net;WORLD;CO2;-3523,440455;-3467,387462;-3435,592581;-3388,277748;-3507,708932;-3304,366926;-3845,118229;-4097,975584;-3602,127216;-3253,03696;-2456,408419;-3195,932506;-2742,520714;-3204,056979;-2874,501514;-3351,344565;-3620,686008;-3467,216799;-4331,168898;-4857,213211;-4459,139619;-2861,726304;-2853,535134;-3737,36274;-3532,824426;-3752,655467;-4287,78495;-3748,079991;-3352,082469;-3512,912614;-3934,495542
Forest Land;WORLD;CO2;-9986,5;-10020,3;-9951,7;-10164;-10249,2;-10030,7;-10124,9;-9827,1;-9820,3;-9507;-9267;-9450,5;-9183,9;-8901,8;-8712,8;-8702,4;-8801,1;-8593,3;-9512,1;-9830,4;-9282,8;-8906,6;-8779,9;-8625,5;-8597,7;-8817,5;-8661,3;-8596,6;-8192;-8262,3;-8357,3
Organic Soil;WORLD;CO2;788,3345519;786,4758625;784,2356437;782,9671421;781,1117876;779,4498527;777,3670661;774,7383818;772,5434262;765,0840423;763,4735706;767,7749592;765,7007564;762,9285768;761,0131766;759,1962089;959,4208717;957,2172457;955,4526822;953,8751664;954,0073916;1076,288531;1075,365022;1072,984271;1072,697634;1071,043186;916,2053787;917,1208173;915,0496981;913,655712;913,655712
Deforestation;WORLD;CO2;5132,322998;5114,464284;5071,43006;5051,607902;5035,224213;5026,258153;5021,076178;5021,947394;5045,235547;5035,613214;5031,253509;5044,981642;5042,744164;5032,701793;5036,908111;5062,93737;4240,130597;4247,906685;4240,595957;4206,252724;4205,133595;4173,769083;4168,118273;4168,261437;4169,544112;4175,038241;4040,363631;4033,647143;4036,466165;4032,129999;4022,397549
Other;WORLD;CO2;-775,569;-715,732;-684,093;-645,897;-726,41;-730,94;-772,772;-785,506;-882,87;-956,744;-867,2;-930,605;-947,082;-1029,37;-941,871;-1010,23;-1076,66;-993,629;-881,951;-814,088;-945,938;-1055,06;-1105,14;-1022,76;-1116,55;-1005,38;-1163,03;-1193,37;-1167,3;-1107,98;-1175,09
Fires;WORLD;CO2;1317,970995;1367,704392;1344,534715;1587,044208;1651,565068;1651,565068;1254,110527;717,9446395;1283,263811;1410,009784;1883,064502;1372,415893;1580,016366;931,4826509;982,2481978;539,1518558;1057,522523;914,5882702;866,8334624;627,1468987;610,457394;1849,876082;1788,021571;669,651552;939,1838291;824,1431048;579,9760399;1091,122049;1055,701668;911,5816751;661,8411969
